model,checkpoint_path,outputs_are_normalised,denoise_steps,sample_count,steering_mae,steering_rmse,speed_mae,speed_rmse,combined_rmse,mean_pred_steering,mean_pred_speed,mean_true_steering,mean_true_speed
old,/home/feras/sim_ws/old stuff/diffusion_policy.pt,False,6,20891.0,0.03371408209204674,0.048416681587696075,0.07718539237976074,0.11232096701860428,0.1223117858171463,-0.013311951421201229,4.906628608703613,0.006116656120866537,4.97869873046875
new,/home/feras/sim_ws/diffusion_f110/models/diffusion_policy.pt,True,8,20891.0,0.03441412374377251,0.049481865018606186,0.03754628449678421,0.3231375515460968,0.32690417766571045,0.011941843666136265,5.0003180503845215,0.006116656120866537,4.97869873046875
